Product,Size,blackout
grommet 107 inch,curtain,black out
grommet 108 inch,drape,sun block
grommet 109 inch,drapery,sun blocking
grommet 110 inch,panel,
coastal 107 inch,window curtain,
coastal 108 inch,draperies,
coastal 109 inch,,
coastal 110 inch,,
boho 107 inch,,
boho 108 inch,,
boho 109 inch,,
boho 110 inch,,
bohemian 107 inch,,
bohemian 108 inch,,
bohemian 109 inch,,
bohemian 110 inch,,
modern 107 inch,,
modern 108 inch,,
modern 109 inch,,
modern 110 inch,,
farmhouse 107 inch,,
farmhouse 108 inch,,
farmhouse 109 inch,,
farmhouse 110 inch,,
farm house 107 inch,,
farm house 108 inch,,
farm house 109 inch,,
farm house 110 inch,,
rustic 107 inch,,
rustic 108 inch,,
rustic 109 inch,,
rustic 110 inch,,
woven 107 inch,,
woven 108 inch,,
woven 109 inch,,
woven 110 inch,,
linen 107 inch,,
linen 108 inch,,
linen 109 inch,,
linen 110 inch,,
texture 107 inch,,
texture 108 inch,,
texture 109 inch,,
texture 110 inch,,
tweed 107 inch,,
tweed 108 inch,,
tweed 109 inch,,
tweed 110 inch,,
chambray 107 inch,,
chambray 108 inch,,
chambray 109 inch,,
chambray 110 inch,,
semi sheer 107 inch inch,,
semi sheer 108 inch,,
semi sheer 109 inch,,
semi sheer 110 inch,,
